{
    "camera": {
        "bottom_left": [
            6.879209518432617,
            -6.362194061279297,
            5.209558963775635
        ],
        "bottom_right": [
            7.004627704620361,
            -6.2291412353515625,
            5.207581043243408
        ],
        "focus": [
            7.0565690994262695,
            -6.401731014251709,
            5.34366512298584
        ],
        "top_left": [
            6.8465657234191895,
            -6.330054759979248,
            5.3016510009765625
        ],
        "top_right": [
            6.971983909606934,
            -6.1970014572143555,
            5.299673080444336
        ]
    },
    "materials": [
        {
            "colour": [
                1,
                1,
                1
            ],
            "strength": 10000,
            "type": "emission"
        }
    ],
    "mesh": {
        "faces": [
            {
                "material": 0,
                "normal": [
                    -0.047112446278333664,
                    -0.23829884827136993,
                    0.9700484871864319
                ],
                "vertices": [
                    0,
                    1,
                    2
                ]
            }
        ],
        "vertices": [
            {
                "normal": [
                    -0.047090061008930206,
                    -0.2382885217666626,
                    0.9700308442115784
                ],
                "point": [
                    3.791724443435669,
                    -0.2859744429588318,
                    1.946987509727478
                ],
                "uv": [
                    0.9999293088912964,
                    7.070068386383355e-05
                ]
            },
            {
                "normal": [
                    -0.047090061008930206,
                    -0.2382885217666626,
                    0.9700308442115784
                ],
                "point": [
                    -1.295447587966919,
                    -1.8543543815612793,
                    1.3146353960037231
                ],
                "uv": [
                    0.5,
                    0.5
                ]
            },
            {
                "normal": [
                    -0.047090061008930206,
                    -0.2382885217666626,
                    0.9700308442115784
                ],
                "point": [
                    2.0841851234436035,
                    -3.552462100982666,
                    1.061622977256775
                ],
                "uv": [
                    7.070068386383355e-05,
                    7.070068386383355e-05
                ]
            }
        ]
    }
}